{
  "gpt-3.5-turbo": {
    "qa": {
      "few_shot": {
        "f1_score": 1.0,
        "bleu_score": 1.0,
        "rouge1": 1.0,
        "rouge2": 1.0,
        "rougeL": 1.0
      },
      "chain_of_thought": {
        "f1_score": 1.0,
        "bleu_score": 1.0,
        "rouge1": 1.0,
        "rouge2": 1.0,
        "rougeL": 1.0
      },
      "role_prompting": {
        "f1_score": 1.0,
        "bleu_score": 1.0,
        "rouge1": 1.0,
        "rouge2": 1.0,
        "rougeL": 1.0
      },
      "standard": {
        "f1_score": 1.0,
        "bleu_score": 1.0,
        "rouge1": 1.0,
        "rouge2": 1.0,
        "rougeL": 1.0
      },
      "react_prompting": {
        "f1_score": 1.0,
        "bleu_score": 1.0,
        "rouge1": 1.0,
        "rouge2": 1.0,
        "rougeL": 1.0
      },
      "self_consistency": {
        "f1_score": 1.0,
        "bleu_score": 1.0,
        "rouge1": 1.0,
        "rouge2": 1.0,
        "rougeL": 1.0
      }
    },
    "reasoning": {
      "few_shot": {
        "f1_score": 0.12925579322638145,
        "bleu_score": 0.0067991674088957454,
        "rouge1": 0.11215950479108372,
        "rouge2": 0.0,
        "rougeL": 0.08157920789499737
      },
      "chain_of_thought": {
        "f1_score": 0.11209904267983198,
        "bleu_score": 0.00413958309246578,
        "rouge1": 0.08367036434063874,
        "rouge2": 0.01665022686920497,
        "rougeL": 0.062147768539728455
      },
      "role_prompting": {
        "f1_score": 0.08650099368345796,
        "bleu_score": 0.003738124006110037,
        "rouge1": 0.06010684792584078,
        "rouge2": 0.015254436479022212,
        "rougeL": 0.05716567145525255
      },
      "standard": {
        "f1_score": 0.13055096890322243,
        "bleu_score": 0.013961732220691168,
        "rouge1": 0.1097701196836435,
        "rouge2": 0.028577114427860695,
        "rougeL": 0.1097701196836435
      },
      "react_prompting": {
        "f1_score": 0.11707710322662201,
        "bleu_score": 0.0049080429641270235,
        "rouge1": 0.07941669137652095,
        "rouge2": 0.022416551905042954,
        "rougeL": 0.06527277078098745
      },
      "self_consistency": {
        "f1_score": 0.08304692906577364,
        "bleu_score": 0.002210662769018521,
        "rouge1": 0.0524546709329318,
        "rouge2": 0.015782448656953045,
        "rougeL": 0.03771221532091097
      }
    },
    "summarization": {
      "few_shot": {
        "f1_score": 0.3078309391511329,
        "bleu_score": 0.04859701025023939,
        "rouge1": 0.3158636587860967,
        "rouge2": 0.10187881635262527,
        "rougeL": 0.2025603523052235
      },
      "chain_of_thought": {
        "f1_score": 0.3101756829029556,
        "bleu_score": 0.05108680225413922,
        "rouge1": 0.3134218652778771,
        "rouge2": 0.10953373425005508,
        "rougeL": 0.20071928375617273
      },
      "role_prompting": {
        "f1_score": 0.3177319338472132,
        "bleu_score": 0.05079497844993208,
        "rouge1": 0.3174065432719663,
        "rouge2": 0.1093347717288878,
        "rougeL": 0.20115044090810968
      },
      "standard": {
        "f1_score": 0.30412674022266595,
        "bleu_score": 0.038531728561409864,
        "rouge1": 0.3083871785287957,
        "rouge2": 0.09382356452061355,
        "rougeL": 0.1973941757952722
      },
      "react_prompting": {
        "f1_score": 0.32632059485140286,
        "bleu_score": 0.0510157996147811,
        "rouge1": 0.3275889179105603,
        "rouge2": 0.10939576016218351,
        "rougeL": 0.2112702474971556
      },
      "self_consistency": {
        "f1_score": 0.3071395791940974,
        "bleu_score": 0.048900116556947294,
        "rouge1": 0.32592534754976626,
        "rouge2": 0.10822170601091255,
        "rougeL": 0.20605656420773574
      }
    }
  },
  "gpt-4o-mini": {
    "qa": {
      "few_shot": {
        "f1_score": 0.5263157894736842,
        "bleu_score": 0.09669265690880861,
        "rouge1": 0.7000000000000001,
        "rouge2": 0.6666666666666666,
        "rougeL": 0.7000000000000001
      },
      "chain_of_thought": {
        "f1_score": 0.5263157894736842,
        "bleu_score": 0.09669265690880861,
        "rouge1": 0.7000000000000001,
        "rouge2": 0.6666666666666666,
        "rougeL": 0.7000000000000001
      },
      "role_prompting": {
        "f1_score": 0.5263157894736842,
        "bleu_score": 0.09669265690880861,
        "rouge1": 0.7000000000000001,
        "rouge2": 0.6666666666666666,
        "rougeL": 0.7000000000000001
      },
      "standard": {
        "f1_score": 0.5263157894736842,
        "bleu_score": 0.09669265690880861,
        "rouge1": 0.7000000000000001,
        "rouge2": 0.6666666666666666,
        "rougeL": 0.7000000000000001
      },
      "react_prompting": {
        "f1_score": 0.5263157894736842,
        "bleu_score": 0.09669265690880861,
        "rouge1": 0.7000000000000001,
        "rouge2": 0.6666666666666666,
        "rougeL": 0.7000000000000001
      },
      "self_consistency": {
        "f1_score": 0.5263157894736842,
        "bleu_score": 0.09669265690880861,
        "rouge1": 0.7000000000000001,
        "rouge2": 0.6666666666666666,
        "rougeL": 0.7000000000000001
      }
    },
    "reasoning": {
      "few_shot": {
        "f1_score": 0.19492054144685722,
        "bleu_score": 0.012156572013118393,
        "rouge1": 0.18165011165011163,
        "rouge2": 0.021052631578947364,
        "rougeL": 0.1468352968352968
      },
      "chain_of_thought": {
        "f1_score": 0.0974079858139347,
        "bleu_score": 0.0026554094648936475,
        "rouge1": 0.06540328888927197,
        "rouge2": 0.016428840437816915,
        "rougeL": 0.055268517999784085
      },
      "role_prompting": {
        "f1_score": 0.050715928872577254,
        "bleu_score": 0.00137579304312455,
        "rouge1": 0.03534149576457886,
        "rouge2": 0.005731156505772725,
        "rougeL": 0.030699308870274788
      },
      "standard": {
        "f1_score": 0.13883023294788,
        "bleu_score": 0.005988995179429706,
        "rouge1": 0.1311473820715441,
        "rouge2": 0.014779661016949153,
        "rougeL": 0.10477648520884394
      },
      "react_prompting": {
        "f1_score": 0.1452293913544524,
        "bleu_score": 0.012154647005899313,
        "rouge1": 0.1028925714415209,
        "rouge2": 0.04424548307270859,
        "rougeL": 0.07749244131790346
      },
      "self_consistency": {
        "f1_score": 0.0626346693052817,
        "bleu_score": 0.001498419359896546,
        "rouge1": 0.03435416398140522,
        "rouge2": 0.0033684359819877324,
        "rougeL": 0.032803776384505996
      }
    },
    "summarization": {
      "few_shot": {
        "f1_score": 0.2825931183327764,
        "bleu_score": 0.041416851360983734,
        "rouge1": 0.3020129095466291,
        "rouge2": 0.10272922235115586,
        "rougeL": 0.19731507095720374
      },
      "chain_of_thought": {
        "f1_score": 0.273908937004366,
        "bleu_score": 0.035518226731550556,
        "rouge1": 0.2976940790121131,
        "rouge2": 0.09099984260167328,
        "rougeL": 0.18538187021800373
      },
      "role_prompting": {
        "f1_score": 0.28013969426644103,
        "bleu_score": 0.038403586874762675,
        "rouge1": 0.30231281671430055,
        "rouge2": 0.09141310805768552,
        "rougeL": 0.18368139056967706
      },
      "standard": {
        "f1_score": 0.27989335759689504,
        "bleu_score": 0.03848730810365874,
        "rouge1": 0.2926264753920097,
        "rouge2": 0.089005781182384,
        "rougeL": 0.18559501581622068
      },
      "react_prompting": {
        "f1_score": 0.2842440818928675,
        "bleu_score": 0.03884305082746632,
        "rouge1": 0.30411657041707024,
        "rouge2": 0.09233320684314472,
        "rougeL": 0.18189771194534501
      },
      "self_consistency": {
        "f1_score": 0.28828919502300854,
        "bleu_score": 0.03956974726181899,
        "rouge1": 0.30537869185256633,