{
  "gpt-3.5-turbo": {
    "qa": {
      "standard": {
        "f1_score": 1.0,
        "bleu_score": 1.0,
        "rouge1": 1.0,
        "rouge2": 1.0,
        "rougeL": 1.0
      },
      "react_prompting": {
        "f1_score": 1.0,
        "bleu_score": 1.0,
        "rouge1": 1.0,
        "rouge2": 1.0,
        "rougeL": 1.0
      },
      "chain_of_thought": {
        "f1_score": 1.0,
        "bleu_score": 1.0,
        "rouge1": 1.0,
        "rouge2": 1.0,
        "rougeL": 1.0
      },
      "few_shot": {
        "f1_score": 1.0,
        "bleu_score": 1.0,
        "rouge1": 1.0,
        "rouge2": 1.0,
        "rougeL": 1.0
      },
      "self_consistency": {
        "f1_score": 1.0,
        "bleu_score": 1.0,
        "rouge1": 1.0,
        "rouge2": 1.0,
        "rougeL": 1.0
      },
      "role_prompting": {
        "f1_score": 1.0,
        "bleu_score": 1.0,
        "rouge1": 1.0,
        "rouge2": 1.0,
        "rougeL": 1.0
      }
    },
    "reasoning": {
      "standard": {
        "f1_score": 0.13693182633093928,
        "bleu_score": 0.017176900238016175,
        "rouge1": 0.11784465384513414,
        "rouge2": 0.03288888888888889,
        "rougeL": 0.11070179670227702
      },
      "react_prompting": {
        "f1_score": 0.10206316298241244,
        "bleu_score": 0.0032299482517415983,
        "rouge1": 0.06454362871807093,
        "rouge2": 0.008857808857808857,
        "rougeL": 0.054581942894316136
      },
      "chain_of_thought": {
        "f1_score": 0.10898501720234617,
        "bleu_score": 0.004347239927483484,
        "rouge1": 0.08076786790460785,
        "rouge2": 0.018938119705383134,
        "rougeL": 0.06280868423113846
      },
      "few_shot": {
        "f1_score": 0.13154924498535048,
        "bleu_score": 0.006781864976824306,
        "rouge1": 0.11391932391932391,
        "rouge2": 0.0,
        "rougeL": 0.0947984447984448
      },
      "self_consistency": {
        "f1_score": 0.08316295842127808,
        "bleu_score": 0.0020946522510667588,
        "rouge1": 0.05534860134162504,
        "rouge2": 0.01004740575810277,
        "rougeL": 0.0454575629333755
      },
      "role_prompting": {
        "f1_score": 0.0874885208302357,
        "bleu_score": 0.003734788669992926,
        "rouge1": 0.05984501829929052,
        "rouge2": 0.015062094109604652,
        "rougeL": 0.056903841828702284
      }
    },
    "summarization": {
      "standard": {
        "f1_score": 0.31376076840399014,
        "bleu_score": 0.051115058931723814,
        "rouge1": 0.3167630856205199,
        "rouge2": 0.11289472248789545,
        "rougeL": 0.200647006412871
      },
      "react_prompting": {
        "f1_score": 0.3013655084645118,
        "bleu_score": 0.0471282346989583,
        "rouge1": 0.30795108729357507,
        "rouge2": 0.10452802159079988,
        "rougeL": 0.20540252543651327
      },
      "chain_of_thought": {
        "f1_score": 0.31679990267837227,
        "bleu_score": 0.0525620550039931,
        "rouge1": 0.3184546266010382,
        "rouge2": 0.1138370945210379,
        "rougeL": 0.2020233090321871
      },
      "few_shot": {
        "f1_score": 0.31420107711016804,
        "bleu_score": 0.04768774797127269,
        "rouge1": 0.3113622770099623,
        "rouge2": 0.10494757177052678,
        "rougeL": 0.19988616752286234
      },
      "self_consistency": {
        "f1_score": 0.31732797503646054,
        "bleu_score": 0.05247959699753698,
        "rouge1": 0.3182178791472824,
        "rouge2": 0.1089958099382824,
        "rougeL": 0.20963700155765683
      },
      "role_prompting": {
        "f1_score": 0.31232592795514413,
        "bleu_score": 0.04596662330037131,
        "rouge1": 0.3127984597901968,
        "rouge2": 0.10046977951627709,
        "rougeL": 0.19747785957931707
      }
    }
  },
  "gpt-4o-mini": {
    "qa": {
      "standard": {
        "f1_score": 0.5263157894736842,
        "bleu_score": 0.09669265690880861,
        "rouge1": 0.7000000000000001,
        "rouge2": 0.6666666666666666,
        "rougeL": 0.7000000000000001
      },
      "react_prompting": {
        "f1_score": 0.5263157894736842,
        "bleu_score": 0.09669265690880861,
        "rouge1": 0.7000000000000001,
        "rouge2": 0.6666666666666666,
        "rougeL": 0.7000000000000001
      },
      "chain_of_thought": {
        "f1_score": 0.5263157894736842,
        "bleu_score": 0.09669265690880861,
        "rouge1": 0.7000000000000001,
        "rouge2": 0.6666666666666666,
        "rougeL": 0.7000000000000001
      },
      "few_shot": {
        "f1_score": 0.5263157894736842,
        "bleu_score": 0.09669265690880861,
        "rouge1": 0.7000000000000001,
        "rouge2": 0.6666666666666666,
        "rougeL": 0.7000000000000001
      },
      "self_consistency": {
        "f1_score": 0.5263157894736842,
        "bleu_score": 0.09669265690880861,
        "rouge1": 0.7000000000000001,
        "rouge2": 0.6666666666666666,
        "rougeL": 0.7000000000000001
      },
      "role_prompting": {
        "f1_score": 0.5263157894736842,
        "bleu_score": 0.09669265690880861,
        "rouge1": 0.7000000000000001,
        "rouge2": 0.6666666666666666,
        "rougeL": 0.7000000000000001
      }
    },
    "reasoning": {
      "standard": {
        "f1_score": 0.12923329241315715,
        "bleu_score": 0.00495903984529256,
        "rouge1": 0.12230289449899787,
        "rouge2": 0.01745569262362167,
        "rougeL": 0.1116638847967563
      },
      "react_prompting": {
        "f1_score": 0.12215779642480377,
        "bleu_score": 0.003581019809444531,
        "rouge1": 0.08541876814844736,
        "rouge2": 0.027577106541624725,
        "rougeL": 0.06657542108280691
      },
      "chain_of_thought": {
        "f1_score": 0.09806541359215755,
        "bleu_score": 0.0027993294358436625,
        "rouge1": 0.06165466441676606,
        "rouge2": 0.016707120213869373,
        "rougeL": 0.04736661835788667
      },
      "few_shot": {
        "f1_score": 0.21341382941382941,
        "bleu_score": 0.012605158364791397,
        "rouge1": 0.20342056750725482,
        "rouge2": 0.012500000000000002,
        "rougeL": 0.14154692916302822
      },
      "self_consistency": {
        "f1_score": 0.06126702745023357,
        "bleu_score": 0.0017007129069131898,
        "rouge1": 0.03718928438995969,
        "rouge2": 0.005299618555432509,
        "rougeL": 0.03718928438995969
      },
      "role_prompting": {
        "f1_score": 0.05111936791526519,
        "bleu_score": 0.0012145158368351682,
        "rouge1": 0.031749804587824726,
        "rouge2": 0.0028449848024316112,
        "rougeL": 0.025762599169205445
      }
    },
    "summarization": {
      "standard": {
        "f1_score": 0.2762948103271206,
        "bleu_score": 0.03901673282905126,
        "rouge1": 0.2947236865259972,
        "rouge2": 0.09530016544212846,
        "rougeL": 0.1853738188783118
      },
      "react_prompting": {
        "f1_score": 0.276354066969662,
        "bleu_score": 0.03531825728873713,
        "rouge1": 0.2965877560735669,
        "rouge2": 0.08976122931977669,
        "rougeL": 0.1836090703575044
      },
      "chain_of_thought": {
        "f1_score": 0.27832553661504295,
        "bleu_score": 0.03885279978601218,
        "rouge1": 0.3035092791812004,
        "rouge2": 0.09524841097699184,
        "rougeL": 0.194865521044403
      },
      "few_shot": {
        "f1_score": 0.2843607384474257,
        "bleu_score": 0.04149486366494363,
        "rouge1": 0.3059764202020946,
        "rouge2": 0.10449381372767215,
        "rougeL": 0.19423347288912196
      },
      "self_consistency": {
        "f1_score": 0.2821166244929431,
        "bleu_score": 0.041544680099025226,
        "rouge1": 0.3034326735867204,
        "rouge2": 0.09858687468904179,
        "rougeL": 0.18810899773557815
      },
      "role_prompting": {
        "f1_score": 0.2780377668308703,
        "bleu_score": 0.038767718052247366,
        "rouge1": 0.30227720912231476,