{
  "gpt-3.5-turbo": {
    "qa": {
      "accuracy": 0.6666666666666666,
      "f1_score": 0.7999999999999999,
      "bleu_score": 0.6884728964725149,
      "rouge1": 0.7777777777777778,
      "rouge2": 0.75,
      "rougeL": 0.7777777777777778
    }
  }
}